id,name,est_diameter_min,est_diameter_max
2001036,1036 Ganymed (A924 UB),37.89265060424805,84.73053741455078
2000433,433 Eros (A898 PA),23.043846130371094,51.52760696411133
